test_set,metric,design,n_pairs,mean_diff,shapiro_p,t_pvalue,wilcoxon_p,effect_size_dz
karaf,accuracy,paired,22,0.017747997253937216,0.5792694687843323,0.018241797443149566,0.022916316986083984,0.5457959021561257
karaf,auc,paired,22,0.018929356280884248,0.55286705493927,1.8090260009917142e-05,3.337860107421875e-05,1.175126126793474
karaf,aod,paired,22,0.047387937344835394,0.708228588104248,4.606675147405212e-06,2.6226043701171875e-05,1.3027377102042617
test_internal,accuracy,paired,22,-0.03285209766367603,0.09969048202037811,1.2546985719928474e-06,9.059906005859375e-06,-1.4279257154786145
test_internal,auc,paired,22,-0.016166971185828948,0.5914596319198608,8.458268330565386e-06,9.059906005859375e-06,-1.245591641303668
test_internal,aod,paired,22,0.020254148860309875,0.646125853061676,0.0007146796700124662,0.0009412765502929688,0.844296567577109
wicket,accuracy,paired,22,0.02084822292321289,0.8887706398963928,0.0005002832626835434,0.001304069820893846,0.8761146744753919
wicket,auc,paired,22,-0.00040021654218970595,0.5959527492523193,0.9393242434371216,0.7990336418151855,-0.016424108602044137
wicket,aod,paired,22,0.046104435136782036,0.11374256014823914,7.830658125277215e-10,4.76837158203125e-07,2.2442506702623577
